Web Search interest: airmech,
Worldwide 2013,
,
Interest over time,
Week,airmech
2013-01-06 - 2013-01-12,96
2013-01-13 - 2013-01-19,97
2013-01-20 - 2013-01-26,87
2013-01-27 - 2013-02-02,80
2013-02-03 - 2013-02-09,74
2013-02-10 - 2013-02-16,78
2013-02-17 - 2013-02-23,78
2013-02-24 - 2013-03-02,81
2013-03-03 - 2013-03-09,82
2013-03-10 - 2013-03-16,64
2013-03-17 - 2013-03-23,68
2013-03-24 - 2013-03-30,92
2013-03-31 - 2013-04-06,75
2013-04-07 - 2013-04-13,71
2013-04-14 - 2013-04-20,94
2013-04-21 - 2013-04-27,100
2013-04-28 - 2013-05-04,72
2013-05-05 - 2013-05-11,90
2013-05-12 - 2013-05-18,79
2013-05-19 - 2013-05-25,85
2013-05-26 - 2013-06-01,82
2013-06-02 - 2013-06-08,74
2013-06-09 - 2013-06-15,71
2013-06-16 - 2013-06-22,85
2013-06-23 - 2013-06-29,79
2013-06-30 - 2013-07-06,69
2013-07-07 - 2013-07-13,68
2013-07-14 - 2013-07-20,69
2013-07-21 - 2013-07-27,65
2013-07-28 - 2013-08-03,70
2013-08-04 - 2013-08-10,74
2013-08-11 - 2013-08-17,84
2013-08-18 - 2013-08-24,84
2013-08-25 - 2013-08-31,67
2013-09-01 - 2013-09-07,58
2013-09-08 - 2013-09-14,59
2013-09-15 - 2013-09-21,62
2013-09-22 - 2013-09-28,62
2013-09-29 - 2013-10-05,50
2013-10-06 - 2013-10-12,51
2013-10-13 - 2013-10-19,53
2013-10-20 - 2013-10-26,52
2013-10-27 - 2013-11-02,66
2013-11-03 - 2013-11-09,56
2013-11-10 - 2013-11-16,72
2013-11-17 - 2013-11-23,57
2013-11-24 - 2013-11-30,57
2013-12-01 - 2013-12-07,53
2013-12-08 - 2013-12-14,40
2013-12-15 - 2013-12-21,45
2013-12-22 - 2013-12-28,53
2013-12-29 - 2014-01-04,51
,
,
Top regions for airmech,
Region,airmech
United States,100
,
,
,
,
,
,
,
,
,
,
,
,
,
,
,
,
,
